UniPA=Palermo=Giovanni=Verdi=Università di Palermo
UniCA=Catania=Maria=Rossi=Università di Catania
UniME=Messina=Antonio=Bianchi=Università di Messina
UniNA=Napoli=Luigi=Esposito=Università di Napoli
UniBO=Bologna=Paolo=Ricci=Università di Bologna
UniTO=Torino=Federico=De Luca=Università di Torino
UniVR=Verona=Sara=Ferrari=Università di Verona
UniPD=Padova=Marco=Gallo=Università di Padova
UniVE=Venezia=Elisa=Ruggeri=Università di Venezia
UniFI=Firenze=Giorgio=Romano=Università di Firenze
UniSI=Siena=Chiara=Moretti=Università di Siena
UniPI=Pisa=Stefano=Santoro=Università di Pisa
UniGE=Genova=Francesca=Barone=Università di Genova
UniBA=Bari=Roberto=Costa=Università di Bari
UniLE=Lecce=Anna=Greco=Università di Lecce
UniSA=Salerno=Vincenzo=Amato=Università di Salerno
UniAQ=L'Aquila=Martina=Silvestri=Università dell'Aquila
UniPG=Perugia=Giulia=Orlandi=Università di Perugia
UniUR=Urbino=Andrea=Marchetti=Università di Urbino
UniBZ=Bolzano=Matteo=Fabbri=Libera Università di Bolzano
UniTN=Trento=Alessandro=Rinaldi=Università di Trento
UniMO=Modena=Eleonora=Longo=Università di Modena e Reggio Emilia
UniPR=Parma=Valeria=Ferrero=Università di Parma
UniCS=Cosenza=Claudio=Serra=Università della Calabria
UniCL=Enna=Giovanna=De Rosa=Università di Enna Kore
UniTS=Trieste=Fabio=Greco=Università di Trieste
UniMI=Milano=Francesco=Russo=Università Bicocca di Milano
UniRM=Roma=Lucia=Coppola=Università La Sapienza di Roma
